{"cameraMode":{"drawMode":0,"name":"Shaded","section":"Shading Mode"},"sceneLighting":true,"audioPlay":false,"sceneViewState":{"showFog":true,"showMaterialUpdate":false,"showSkybox":true,"showFlares":true,"showImageEffects":true,"showParticleSystems":true},"in2DMode":false,"pivot":{"x":102.00479888916016,"y":12.02658748626709,"z":-6.683382987976074},"rotation":{"x":0.4985000789165497,"y":0.501499354839325,"z":-0.5006006360054016,"w":0.49939629435539248},"size":26.288249969482423,"orthographic":true}