{"cameraMode":{"drawMode":0,"name":"Shaded","section":"Shading Mode"},"sceneLighting":true,"audioPlay":false,"sceneViewState":{"showFog":true,"showMaterialUpdate":false,"showSkybox":true,"showFlares":true,"showImageEffects":true,"showParticleSystems":true},"in2DMode":false,"pivot":{"x":105.94677734375,"y":14.44061279296875,"z":-16.97467041015625},"rotation":{"x":0.008371831849217415,"y":0.7163243889808655,"z":0.008596052415668965,"w":-0.6976665258407593},"size":2.6210718154907228,"orthographic":true}