{"cameraMode":{"drawMode":0,"name":"Shaded","section":"Shading Mode"},"sceneLighting":false,"audioPlay":false,"sceneViewState":{"showFog":true,"showMaterialUpdate":true,"showSkybox":false,"showFlares":true,"showImageEffects":true,"showParticleSystems":true},"in2DMode":false,"pivot":{"x":171.23934936523438,"y":13.494832038879395,"z":0.26236915588378909},"rotation":{"x":0.2787017822265625,"y":-0.3176918923854828,"z":0.09827372431755066,"w":0.9009674191474915},"size":73.7733154296875,"orthographic":true}