{"cameraMode":{"drawMode":0,"name":"Shaded","section":"Shading Mode"},"sceneLighting":false,"audioPlay":false,"sceneViewState":{"showFog":true,"showMaterialUpdate":true,"showSkybox":false,"showFlares":true,"showImageEffects":true,"showParticleSystems":true},"in2DMode":false,"pivot":{"x":-13.448184967041016,"y":-38.75628662109375,"z":-25.15248680114746},"rotation":{"x":0.09024795889854431,"y":-0.9047682285308838,"z":0.2402030974626541,"w":0.33993610739707949},"size":16.632118225097658,"orthographic":true}