{"cameraMode":{"drawMode":0,"name":"Shaded","section":"Shading Mode"},"sceneLighting":false,"audioPlay":false,"sceneViewState":{"showFog":true,"showMaterialUpdate":true,"showSkybox":false,"showFlares":true,"showImageEffects":true,"showParticleSystems":true},"in2DMode":false,"pivot":{"x":39.803611755371097,"y":44.380001068115237,"z":18.920000076293947},"rotation":{"x":0.09024795889854431,"y":-0.9047682285308838,"z":0.2402030974626541,"w":0.33993610739707949},"size":2.1556332111358644,"orthographic":true}