{"cameraMode":{"drawMode":0,"name":"Shaded","section":"Shading Mode"},"sceneLighting":false,"audioPlay":false,"sceneViewState":{"showFog":true,"showMaterialUpdate":true,"showSkybox":false,"showFlares":true,"showImageEffects":true,"showParticleSystems":true},"in2DMode":false,"pivot":{"x":2.1983892917633058,"y":5.487781524658203,"z":62.56524658203125},"rotation":{"x":0.4909789264202118,"y":-0.058716800063848498,"z":0.0331915058195591,"w":0.8685564994812012},"size":49.212581634521487,"orthographic":true}