{"cameraMode":{"drawMode":0,"name":"Shaded","section":"Shading Mode"},"sceneLighting":false,"audioPlay":false,"sceneViewState":{"showFog":true,"showMaterialUpdate":true,"showSkybox":false,"showFlares":true,"showImageEffects":true,"showParticleSystems":true},"in2DMode":false,"pivot":{"x":-13.71500015258789,"y":15.154999732971192,"z":9.055124282836914},"rotation":{"x":0.28954610228538515,"y":-0.24755842983722688,"z":0.07780121266841889,"w":0.9213185906410217},"size":73.77330780029297,"orthographic":true}